round,loss
1,794.5931679058814
2,788.182353325939
3,788.4151579057227
4,805.1851618268025
5,784.2015846178026
6,779.0263589278283
7,776.4174070214951
8,770.5011969623174
9,767.3655607770019
10,770.5612185308371
