round,accuracy,loss
1,0.611,13206.799779981277
2,0.8248,837.7757204652676
3,0.8232,811.229665822018
4,0.8348,764.1684050612042
5,0.8396,751.9138383234018
6,0.8364,761.0539908751825
7,0.8369,761.5819628784844
8,0.8319,760.5464118552917
9,0.8398,748.4247348786615
10,0.8363,752.0537788191099
11,0.8411,746.2346480274803
