Metric,Logistic Regression,Random Forest
Accuracy,0.8241,0.9928
Precision,0.8401131941987973,0.9882633250970703
Recall,0.847457627118644,0.9990187332738626
F1-Score,0.8437694289013233,0.9936119244077721
